InternalPID,Prolific_PID,Started,ScheduleNo,TrialNo,InternalTrialID,TrialNoInSchedule,BlockNo,TrialNoInBlock,StimTypeL,StimSubTypeL,StimFileNameL,StimL_O,StimL_B,StimL_G,StimTypeR,StimSubTypeR,StimFileNameR,StimR_O,StimR_B,StimR_G,rT_ms,ColourSliderL_O,ColourSliderL_B,ColourSliderL_G,ColourSliderR_O,ColourSliderR_B,ColourSliderR_G,OrangeAvg,BlueAvg,GreenAvg,Bet,FirstColour,SecondColour,ThirdColour,CorrectPrediction,Result,Payoff,
"171","kensa488702b21000d04c311","22/04/2020 16:28:32","2","1","181","1","1","1","house","","house1.png","0.1","0.1","0.8","car","left","car08.png","0.8","0.1","0.1","1512476","13.0","70.0","17.0","70.0","15.0","15.0","41.5","42.5","16.0","20","blue","orange","green","orange","2nd correct","10",
"171","kensa488702b21000d04c311","22/04/2020 16:28:32","2","2","182","2","1","2","face","ethnic female","11F.png","0.1","0.8","0.1","car","left","car08.png","0.8","0.1","0.1","26337","33.3","16.6","50.0","60.0","6.6","33.3","46.6","11.6","41.6","20","orange","green","blue","green","2nd correct","10",
"171","kensa488702b21000d04c311","22/04/2020 16:28:32","2","3","183","3","1","3","tool","left","tool14.png","0.33333","0.33333","0.33333","car","left","car08.png","0.8","0.1","0.1","8788","7.6","59.0","33.3","60.0","6.6","33.3","33.8","32.8","33.3","20","orange","green","blue","orange","1st correct","20",
"171","kensa488702b21000d04c311","22/04/2020 16:28:32","2","4","184","4","1","4","house","","house1.png","0.1","0.1","0.8","tool","left","tool14.png","0.33333","0.33333","0.33333","11119","6.6","60.0","33.3","33.3","6.6","60.0","20.0","33.3","46.6","20","green","blue","orange","green","1st correct","20",
"171","kensa488702b21000d04c311","22/04/2020 16:28:32","2","5","185","5","1","5","face","ethnic female","11F.png","0.1","0.8","0.1","house","","house1.png","0.1","0.1","0.8","13816","6.6","60.0","33.3","20.0","20.0","60.0","13.3","40.0","46.6","20","green","blue","orange","green","1st correct","20",
"171","kensa488702b21000d04c311","22/04/2020 16:28:32","2","6","186","6","1","6","face","ethnic female","11F.png","0.1","0.8","0.1","tool","left","tool14.png","0.33333","0.33333","0.33333","11576","15.0","70.0","15.0","70.0","15.0","15.0","42.5","42.5","15.0","20","orange","blue","green","orange","1st correct","20",
"171","kensa488702b21000d04c311","22/04/2020 16:28:32","2","7","187","7","1","7","tool","left","tool14.png","0.33333","0.33333","0.33333","car","left","car08.png","0.8","0.1","0.1","11755","25.0","50.0","25.0","70.0","15.0","15.0","47.5","32.5","20.0","20","orange","blue","green","green","incorrect","-20",
"171","kensa488702b21000d04c311","22/04/2020 16:28:32","2","8","188","8","1","8","tool","left","tool14.png","0.33333","0.33333","0.33333","car","left","car08.png","0.8","0.1","0.1","9114","33.3","50.0","16.6","60.0","6.6","33.3","46.6","28.3","25.0","20","orange","blue","green","orange","1st correct","20",
"171","kensa488702b21000d04c311","22/04/2020 16:28:32","2","9","189","9","1","9","tool","left","tool14.png","0.33333","0.33333","0.33333","car","left","car08.png","0.8","0.1","0.1","63430","7.6","33.3","59.0","60.0","6.6","33.3","33.8","20.0","46.1","20","green","orange","blue","orange","2nd correct","10",
"171","kensa488702b21000d04c311","22/04/2020 16:28:32","2","10","190","10","1","10","house","","house1.png","0.1","0.1","0.8","face","ethnic female","11F.png","0.1","0.8","0.1","9764","33.3","60.0","6.6","20.0","20.0","60.0","26.6","40.0","33.3","20","blue","green","orange","blue","1st correct","20",
"171","kensa488702b21000d04c311","22/04/2020 16:28:32","2","11","191","11","1","11","tool","left","tool14.png","0.33333","0.33333","0.33333","face","ethnic female","11F.png","0.1","0.8","0.1","12900","1.6","33.3","65.0","29.0","61.0","10.0","15.3","47.1","37.5","20","blue","green","orange","blue","1st correct","20",
"171","kensa488702b21000d04c311","22/04/2020 16:28:32","2","12","192","12","1","12","car","left","car08.png","0.8","0.1","0.1","face","ethnic female","11F.png","0.1","0.8","0.1","5906","60.0","6.6","33.3","6.6","33.3","60.0","33.3","20.0","46.6","20","green","orange","blue","blue","incorrect","-20",
"171","kensa488702b21000d04c311","22/04/2020 16:28:32","2","13","193","13","1","13","house","","house1.png","0.1","0.1","0.8","tool","left","tool14.png","0.33333","0.33333","0.33333","8956","20.0","20.0","60.0","7.6","59.0","33.3","13.8","39.5","46.6","20","green","blue","orange","green","1st correct","20",
"171","kensa488702b21000d04c311","22/04/2020 16:28:32","2","14","194","14","1","14","car","left","car08.png","0.8","0.1","0.1","face","ethnic female","11F.png","0.1","0.8","0.1","8774","70.0","15.0","15.0","33.3","56.6","10.0","51.6","35.8","12.5","20","orange","blue","green","orange","1st correct","20",
"171","kensa488702b21000d04c311","22/04/2020 16:28:32","2","15","195","15","1","15","face","ethnic female","11F.png","0.1","0.8","0.1","tool","left","tool14.png","0.33333","0.33333","0.33333","4451","15.5","69.0","15.5","33.3","33.3","33.3","24.4","51.1","24.4","20","blue","green","orange","orange","incorrect","-20",
"171","kensa488702b21000d04c311","22/04/2020 16:28:32","2","16","196","16","1","16","face","ethnic female","11F.png","0.1","0.8","0.1","tool","left","tool14.png","0.33333","0.33333","0.33333","4051","33.3","33.3","33.3","68.0","16.0","16.0","50.6","24.6","24.6","20","orange","green","blue","green","2nd correct","10",
"171","kensa488702b21000d04c311","22/04/2020 16:28:32","2","17","197","17","1","17","house","","house1.png","0.1","0.1","0.8","tool","left","tool14.png","0.33333","0.33333","0.33333","50698","20.0","20.0","60.0","33.3","60.0","6.6","26.6","40.0","33.3","20","blue","green","orange","green","2nd correct","10",
"171","kensa488702b21000d04c311","22/04/2020 16:28:32","2","18","198","18","1","18","house","","house1.png","0.1","0.1","0.8","car","left","car08.png","0.8","0.1","0.1","10468","6.6","33.3","60.0","70.0","15.0","15.0","38.3","24.1","37.5","20","orange","green","blue","green","2nd correct","10",
"171","kensa488702b21000d04c311","22/04/2020 16:28:32","2","19","199","19","1","19","house","","house1.png","0.1","0.1","0.8","car","left","car08.png","0.8","0.1","0.1","7255","33.3","59.0","7.6","70.0","15.0","15.0","51.6","37.0","11.3","20","orange","blue","green","orange","1st correct","20",
"171","kensa488702b21000d04c311","22/04/2020 16:28:32","2","20","200","20","1","20","tool","left","tool14.png","0.33333","0.33333","0.33333","car","left","car08.png","0.8","0.1","0.1","13976","0.0","40.0","60.0","60.0","6.6","33.3","30.0","23.3","46.6","20","green","orange","blue","green","1st correct","20",
"171","kensa488702b21000d04c311","22/04/2020 16:28:32","2","21","201","21","1","21","house","","house1.png","0.1","0.1","0.8","car","left","car08.png","0.8","0.1","0.1","7897","33.3","6.6","60.0","60.0","33.3","6.6","46.6","20.0","33.3","20","orange","green","blue","orange","1st correct","20",
"171","kensa488702b21000d04c311","22/04/2020 16:28:32","2","22","202","22","1","22","house","","house1.png","0.1","0.1","0.8","tool","left","tool14.png","0.33333","0.33333","0.33333","1996","33.3","33.3","33.3","33.3","33.3","33.3","33.3","33.3","33.3","20","orange","green","blue","blue","incorrect","-20",
"171","kensa488702b21000d04c311","22/04/2020 16:28:32","2","23","203","23","1","23","house","","house1.png","0.1","0.1","0.8","car","left","car08.png","0.8","0.1","0.1","7966","33.3","6.6","60.0","59.0","33.3","7.6","46.1","20.0","33.8","20","orange","green","blue","green","2nd correct","10",
"171","kensa488702b21000d04c311","22/04/2020 16:28:32","2","24","204","24","1","24","face","ethnic female","11F.png","0.1","0.8","0.1","car","left","car08.png","0.8","0.1","0.1","9494","20.5","59.0","20.5","60.0","33.3","6.6","40.2","46.1","13.5","20","blue","orange","green","green","incorrect","-20",
"171","kensa488702b21000d04c311","22/04/2020 16:28:32","2","25","205","25","1","25","face","ethnic female","11F.png","0.1","0.8","0.1","car","left","car08.png","0.8","0.1","0.1","8319","33.3","59.0","7.6","61.0","19.5","19.5","47.1","39.2","13.5","20","orange","blue","green","orange","1st correct","20",
"171","kensa488702b21000d04c311","22/04/2020 16:28:32","2","26","206","26","1","26","house","","house1.png","0.1","0.1","0.8","face","ethnic female","11F.png","0.1","0.8","0.1","112747","15.0","70.0","15.0","60.0","20.0","20.0","37.5","45.0","17.5","20","blue","orange","green","blue","1st correct","20",
"171","kensa488702b21000d04c311","22/04/2020 16:28:32","2","27","207","27","1","27","car","left","car08.png","0.8","0.1","0.1","house","","house1.png","0.1","0.1","0.8","7532","61.0","5.6","33.3","33.3","6.6","60.0","47.1","6.1","46.6","20","orange","green","blue","green","2nd correct","10",
"171","kensa488702b21000d04c311","22/04/2020 16:28:32","2","28","208","28","1","28","house","","house1.png","0.1","0.1","0.8","face","ethnic female","11F.png","0.1","0.8","0.1","6294","6.6","60.0","33.3","6.6","33.3","60.0","6.6","46.6","46.6","20","blue","green","orange","orange","incorrect","-20",
"171","kensa488702b21000d04c311","22/04/2020 16:28:32","2","29","209","29","1","29","tool","left","tool14.png","0.33333","0.33333","0.33333","face","ethnic female","11F.png","0.1","0.8","0.1","6277","15.0","15.0","70.0","6.6","60.0","33.3","10.8","37.5","51.6","20","green","blue","orange","orange","incorrect","-20",
"171","kensa488702b21000d04c311","22/04/2020 16:28:32","2","30","210","30","1","30","face","ethnic female","11F.png","0.1","0.8","0.1","tool","left","tool14.png","0.33333","0.33333","0.33333","10566","33.3","60.0","6.6","33.3","17.6","49.0","33.3","38.8","27.8","20","blue","orange","green","blue","1st correct","20",
"171","kensa488702b21000d04c311","22/04/2020 16:28:32","2","31","211","31","1","31","car","left","car08.png","0.8","0.1","0.1","face","ethnic female","11F.png","0.1","0.8","0.1","7656","70.0","15.0","15.0","33.3","6.6","60.0","51.6","10.8","37.5","20","orange","green","blue","blue","incorrect","-20",
"171","kensa488702b21000d04c311","22/04/2020 16:28:32","2","32","212","32","1","32","house","","house1.png","0.1","0.1","0.8","tool","left","tool14.png","0.33333","0.33333","0.33333","10222","6.6","33.3","60.0","12.0","33.3","54.6","9.3","33.3","57.3","20","green","blue","orange","green","1st correct","20",
"171","kensa488702b21000d04c311","22/04/2020 16:28:32","2","33","213","33","1","33","tool","left","tool14.png","0.33333","0.33333","0.33333","car","left","car08.png","0.8","0.1","0.1","6026","11.0","44.5","44.5","64.0","2.6","33.3","37.5","23.5","38.9","20","green","orange","blue","blue","incorrect","-20",
"171","kensa488702b21000d04c311","22/04/2020 16:28:32","2","34","214","34","1","34","face","ethnic female","11F.png","0.1","0.8","0.1","house","","house1.png","0.1","0.1","0.8","6614","33.3","59.0","7.6","63.6","3.0","33.3","48.5","31.0","20.5","20","orange","blue","green","green","incorrect","-20",
"171","kensa488702b21000d04c311","22/04/2020 16:28:32","2","35","215","35","1","35","tool","left","tool14.png","0.33333","0.33333","0.33333","house","","house1.png","0.1","0.1","0.8","6801","33.3","65.0","1.6","64.0","33.3","2.6","48.6","49.1","2.1","20","blue","orange","green","green","incorrect","-20",
"171","kensa488702b21000d04c311","22/04/2020 16:28:32","2","36","216","36","1","36","house","","house1.png","0.1","0.1","0.8","face","ethnic female","11F.png","0.1","0.8","0.1","4748","63.0","33.3","3.6","0.6","66.0","33.3","31.8","49.6","18.5","20","blue","orange","green","blue","1st correct","20",
"171","kensa488702b21000d04c311","22/04/2020 16:28:32","2","37","217","37","2","1","house","","house9.png","0.33333","0.33333","0.33333","face","ethnic male","15M.png","0.1","0.1","0.8","57377","10.0","60.0","30.0","59.0","1.0","40.0","34.5","30.5","35.0","20","green","orange","blue","blue","incorrect","-20",
"171","kensa488702b21000d04c311","22/04/2020 16:28:32","2","38","218","38","2","2","car","right","car04.png","0.1","0.8","0.1","tool","alcohol","tool17.png","0.8","0.1","0.1","16538","70.0","15.0","15.0","60.0","26.0","14.0","65.0","20.5","14.5","20","orange","blue","green","orange","1st correct","20",
"171","kensa488702b21000d04c311","22/04/2020 16:28:32","2","39","219","39","2","3","tool","alcohol","tool17.png","0.8","0.1","0.1","face","ethnic male","15M.png","0.1","0.1","0.8","9163","3.6","63.0","33.3","14.5","14.5","71.0","9.0","38.7","52.1","20","green","blue","orange","orange","incorrect","-20",
"171","kensa488702b21000d04c311","22/04/2020 16:28:32","2","40","220","40","2","4","tool","alcohol","tool17.png","0.8","0.1","0.1","house","","house9.png","0.33333","0.33333","0.33333","225350","79.0","10.5","10.5","45.0","45.0","10.0","62.0","27.7","10.2","20","orange","blue","green","orange","1st correct","20",
"171","kensa488702b21000d04c311","22/04/2020 16:28:32","2","41","221","41","2","5","face","ethnic male","15M.png","0.1","0.1","0.8","tool","alcohol","tool17.png","0.8","0.1","0.1","4833","33.3","59.0","7.6","47.0","47.0","6.0","40.1","53.0","6.8","20","blue","orange","green","green","incorrect","-20",
"171","kensa488702b21000d04c311","22/04/2020 16:28:32","2","42","222","42","2","6","house","","house9.png","0.33333","0.33333","0.33333","tool","alcohol","tool17.png","0.8","0.1","0.1","48159","69.0","15.5","15.5","57.6","9.0","33.3","63.3","12.2","24.4","20","orange","green","blue","orange","1st correct","20",
"171","kensa488702b21000d04c311","22/04/2020 16:28:32","2","43","223","43","2","7","car","right","car04.png","0.1","0.8","0.1","face","ethnic male","15M.png","0.1","0.1","0.8","6131","33.3","60.0","6.6","57.6","9.0","33.3","45.5","34.5","20.0","20","orange","blue","green","blue","2nd correct","10",
"171","kensa488702b21000d04c311","22/04/2020 16:28:32","2","44","224","44","2","8","house","","house9.png","0.33333","0.33333","0.33333","car","right","car04.png","0.1","0.8","0.1","12063","33.3","10.0","56.6","60.0","33.3","6.6","46.6","21.6","31.6","20","orange","green","blue","blue","incorrect","-20",
"171","kensa488702b21000d04c311","22/04/2020 16:28:32","2","45","225","45","2","9","house","","house9.png","0.33333","0.33333","0.33333","car","right","car04.png","0.1","0.8","0.1","28348","56.6","10.0","33.3","55.6","33.3","11.0","56.1","21.6","22.1","20","orange","green","blue","blue","incorrect","-20",
"171","kensa488702b21000d04c311","22/04/2020 16:28:32","2","46","226","46","2","10","tool","alcohol","tool17.png","0.8","0.1","0.1","car","right","car04.png","0.1","0.8","0.1","8023","33.3","1.0","65.6","90.0","5.0","5.0","61.6","3.0","35.3","20","orange","green","blue","green","2nd correct","10",
"171","kensa488702b21000d04c311","22/04/2020 16:28:32","2","47","227","47","2","11","house","","house9.png","0.33333","0.33333","0.33333","face","ethnic male","15M.png","0.1","0.1","0.8","7344","33.3","33.3","33.3","33.3","33.3","33.3","33.3","33.3","33.3","20","orange","green","blue","green","2nd correct","10",
"171","kensa488702b21000d04c311","22/04/2020 16:28:32","2","48","228","48","2","12","car","right","car04.png","0.1","0.8","0.1","tool","alcohol","tool17.png","0.8","0.1","0.1","16821","33.3","33.3","33.3","33.3","33.3","33.3","33.3","33.3","33.3","20","orange","green","blue","blue","incorrect","-20",
"171","kensa488702b21000d04c311","22/04/2020 16:28:32","2","49","229","49","2","13","car","right","car04.png","0.1","0.8","0.1","house","","house9.png","0.33333","0.33333","0.33333","21675","98.0","1.0","1.0","33.3","33.3","33.3","65.6","17.1","17.1","20","orange","green","blue","green","2nd correct","10",
"171","kensa488702b21000d04c311","22/04/2020 16:28:32","2","50","230","50","2","14","face","ethnic male","15M.png","0.1","0.1","0.8","car","right","car04.png","0.1","0.8","0.1","14075","33.3","33.3","33.3","33.3","66.0","0.6","33.3","49.6","17.0","20","blue","orange","green","orange","2nd correct","10",
"171","kensa488702b21000d04c311","22/04/2020 16:28:32","2","51","231","51","2","15","house","","house9.png","0.33333","0.33333","0.33333","tool","alcohol","tool17.png","0.8","0.1","0.1","3873","33.3","33.3","33.3","33.3","33.3","33.3","33.3","33.3","33.3","20","blue","orange","green","orange","2nd correct","10",
"171","kensa488702b21000d04c311","22/04/2020 16:28:32","2","52","232","52","2","16","face","ethnic male","15M.png","0.1","0.1","0.8","tool","alcohol","tool17.png","0.8","0.1","0.1","8195","33.3","33.3","33.3","33.3","33.3","33.3","33.3","33.3","33.3","20","blue","orange","green","green","incorrect","-20",
"171","kensa488702b21000d04c311","22/04/2020 16:28:32","2","53","233","53","2","17","tool","alcohol","tool17.png","0.8","0.1","0.1","car","right","car04.png","0.1","0.8","0.1","66415","33.3","33.3","33.3","80.0","10.0","10.0","56.6","21.6","21.6","20","orange","green","blue","orange","1st correct","20",
"171","kensa488702b21000d04c311","22/04/2020 16:28:32","2","54","234","54","2","18","car","right","car04.png","0.1","0.8","0.1","face","ethnic male","15M.png","0.1","0.1","0.8","14998","0.0","50.0","50.0","33.3","33.3","33.3","16.6","41.6","41.6","20","blue","green","orange","orange","incorrect","-20",
"171","kensa488702b21000d04c311","22/04/2020 16:28:32","2","55","235","55","2","19","house","","house9.png","0.33333","0.33333","0.33333","tool","alcohol","tool17.png","0.8","0.1","0.1","9830","100.0","0.0","0.0","33.3","33.3","33.3","66.6","16.6","16.6","20","orange","green","blue","green","2nd correct","10",
"171","kensa488702b21000d04c311","22/04/2020 16:28:32","2","56","236","56","2","20","car","right","car04.png","0.1","0.8","0.1","face","ethnic male","15M.png","0.1","0.1","0.8","45619","50.0","50.0","0.0","60.0","6.6","33.3","55.0","28.3","16.6","20","orange","blue","green","green","incorrect","-20",
"171","kensa488702b21000d04c311","22/04/2020 16:28:32","2","57","237","57","2","21","car","right","car04.png","0.1","0.8","0.1","face","ethnic male","15M.png","0.1","0.1","0.8","7393","33.3","63.6","3.0","49.5","49.5","1.0","41.4","56.5","2.0","20","blue","orange","green","green","incorrect","-20",
"171","kensa488702b21000d04c311","22/04/2020 16:28:32","2","58","238","58","2","22","house","","house9.png","0.33333","0.33333","0.33333","face","ethnic male","15M.png","0.1","0.1","0.8","9456","1.6","33.3","65.0","33.3","1.0","65.6","17.5","17.1","65.3","20","green","orange","blue","green","1st correct","20",
"171","kensa488702b21000d04c311","22/04/2020 16:28:32","2","59","239","59","2","23","house","","house9.png","0.33333","0.33333","0.33333","tool","alcohol","tool17.png","0.8","0.1","0.1","16034","33.3","0.0","66.6","33.3","33.3","33.3","33.3","16.6","50.0","20","green","orange","blue","green","1st correct","20",
"171","kensa488702b21000d04c311","22/04/2020 16:28:32","2","60","240","60","2","24","face","ethnic male","15M.png","0.1","0.1","0.8","house","","house9.png","0.33333","0.33333","0.33333","53657","66.6","33.3","0.0","66.6","0.0","33.3","66.6","16.6","16.6","20","orange","green","blue","green","2nd correct","10",
"171","kensa488702b21000d04c311","22/04/2020 16:28:32","2","61","241","61","2","25","house","","house9.png","0.33333","0.33333","0.33333","car","right","car04.png","0.1","0.8","0.1","9903","33.3","0.0","66.6","100.0","0.0","0.0","66.6","0.0","33.3","20","orange","green","blue","orange","1st correct","20",
"171","kensa488702b21000d04c311","22/04/2020 16:28:32","2","62","242","62","2","26","face","ethnic male","15M.png","0.1","0.1","0.8","tool","alcohol","tool17.png","0.8","0.1","0.1","7487","50.0","50.0","0.0","33.3","33.3","33.3","41.6","41.6","16.6","20","orange","blue","green","orange","1st correct","20",
"171","kensa488702b21000d04c311","22/04/2020 16:28:32","2","63","243","63","2","27","tool","alcohol","tool17.png","0.8","0.1","0.1","house","","house9.png","0.33333","0.33333","0.33333","10147","33.3","33.3","33.3","33.3","0.0","66.6","33.3","16.6","50.0","20","green","orange","blue","orange","2nd correct","10",
"171","kensa488702b21000d04c311","22/04/2020 16:28:32","2","64","244","64","2","28","face","ethnic male","15M.png","0.1","0.1","0.8","tool","alcohol","tool17.png","0.8","0.1","0.1","14006","33.3","1.0","65.6","33.3","33.3","33.3","33.3","17.1","49.5","20","green","orange","blue","blue","incorrect","-20",
"171","kensa488702b21000d04c311","22/04/2020 16:28:32","2","65","245","65","2","29","house","","house9.png","0.33333","0.33333","0.33333","car","right","car04.png","0.1","0.8","0.1","6763","33.3","0.0","66.6","5.0","47.5","47.5","19.1","23.7","57.0","20","green","blue","orange","green","1st correct","20",
"171","kensa488702b21000d04c311","22/04/2020 16:28:32","2","66","246","66","2","30","tool","alcohol","tool17.png","0.8","0.1","0.1","car","right","car04.png","0.1","0.8","0.1","4400","33.3","33.3","33.3","33.3","66.6","0.0","33.3","50.0","16.6","20","blue","orange","green","orange","2nd correct","10",
"171","kensa488702b21000d04c311","22/04/2020 16:28:32","2","67","247","67","2","31","face","ethnic male","15M.png","0.1","0.1","0.8","house","","house9.png","0.33333","0.33333","0.33333","23318","33.3","33.3","33.3","50.0","0.0","50.0","41.6","16.6","41.6","20","orange","green","blue","orange","1st correct","20",
"171","kensa488702b21000d04c311","22/04/2020 16:28:32","2","68","248","68","2","32","car","right","car04.png","0.1","0.8","0.1","house","","house9.png","0.33333","0.33333","0.33333","52665","50.0","50.0","0.0","65.6","1.0","33.3","57.8","25.5","16.6","20","orange","blue","green","green","incorrect","-20",
"171","kensa488702b21000d04c311","22/04/2020 16:28:32","2","69","249","69","2","33","face","ethnic male","15M.png","0.1","0.1","0.8","house","","house9.png","0.33333","0.33333","0.33333","7347","3.0","33.3","63.6","66.6","0.0","33.3","34.8","16.6","48.5","20","green","orange","blue","green","1st correct","20",
"171","kensa488702b21000d04c311","22/04/2020 16:28:32","2","70","250","70","2","34","face","ethnic male","15M.png","0.1","0.1","0.8","car","right","car04.png","0.1","0.8","0.1","9226","0.0","50.0","50.0","50.0","50.0","0.0","25.0","50.0","25.0","20","blue","green","orange","green","2nd correct","10",
"171","kensa488702b21000d04c311","22/04/2020 16:28:32","2","71","251","71","2","35","car","right","car04.png","0.1","0.8","0.1","tool","alcohol","tool17.png","0.8","0.1","0.1","5291","49.0","49.0","2.0","33.3","33.3","33.3","41.1","41.1","17.6","20","orange","blue","green","blue","2nd correct","10",
"171","kensa488702b21000d04c311","22/04/2020 16:28:32","2","72","252","72","2","36","face","ethnic male","15M.png","0.1","0.1","0.8","tool","alcohol","tool17.png","0.8","0.1","0.1","738","33.3","33.3","33.3","33.3","33.3","33.3","33.3","33.3","33.3","20","orange","blue","green","green","incorrect","-20",
"171","kensa488702b21000d04c311","22/04/2020 16:28:32","2","73","253","73","3","1","car","right","car30.png","0.1","0.1","0.8","tool","alcohol","tool16.png","0.1","0.8","0.1","16689","33.3","33.3","33.3","33.3","33.3","33.3","33.3","33.3","33.3","20","orange","blue","green","green","incorrect","-20",
"171","kensa488702b21000d04c311","22/04/2020 16:28:32","2","74","254","74","3","2","house","","house25.png","0.8","0.1","0.1","car","right","car30.png","0.1","0.1","0.8","10932","33.3","33.3","33.3","33.3","33.3","33.3","33.3","33.3","33.3","20","orange","blue","green","green","incorrect","-20",
"171","kensa488702b21000d04c311","22/04/2020 16:28:32","2","75","255","75","3","3","house","","house25.png","0.8","0.1","0.1","face","white male","08M.png","0.33333","0.33333","0.33333","14096","33.3","33.3","33.3","33.3","33.3","33.3","33.3","33.3","33.3","20","orange","blue","green","green","incorrect","-20",
"171","kensa488702b21000d04c311","22/04/2020 16:28:32","2","76","256","76","3","4","tool","alcohol","tool16.png","0.1","0.8","0.1","car","right","car30.png","0.1","0.1","0.8","30414","0.0","50.0","50.0","50.0","0.0","50.0","25.0","25.0","50.0","20","green","blue","orange","green","1st correct","20",
"171","kensa488702b21000d04c311","22/04/2020 16:28:32","2","77","257","77","3","5","house","","house25.png","0.8","0.1","0.1","car","right","car30.png","0.1","0.1","0.8","16212","33.3","33.3","33.3","33.3","66.6","0.0","33.3","50.0","16.6","20","blue","orange","green","orange","2nd correct","10",
"171","kensa488702b21000d04c311","22/04/2020 16:28:32","2","78","258","78","3","6","face","white male","08M.png","0.33333","0.33333","0.33333","house","","house25.png","0.8","0.1","0.1","38338","95.0","0.0","5.0","33.3","0.0","66.6","64.1","0.0","35.8","20","orange","green","blue","green","2nd correct","10",
"171","kensa488702b21000d04c311","22/04/2020 16:28:32","2","79","259","79","3","7","car","right","car30.png","0.1","0.1","0.8","tool","alcohol","tool16.png","0.1","0.8","0.1","14116","33.3","66.6","0.0","0.0","66.6","33.3","16.6","66.6","16.6","20","blue","green","orange","green","2nd correct","10",
"171","kensa488702b21000d04c311","22/04/2020 16:28:32","2","80","260","80","3","8","car","right","car30.png","0.1","0.1","0.8","house","","house25.png","0.8","0.1","0.1","7440","50.0","50.0","0.0","33.3","0.0","66.6","41.6","25.0","33.3","20","orange","green","blue","green","2nd correct","10",
"171","kensa488702b21000d04c311","22/04/2020 16:28:32","2","81","261","81","3","9","tool","alcohol","tool16.png","0.1","0.8","0.1","face","white male","08M.png","0.33333","0.33333","0.33333","12322","1.0","49.5","49.5","33.3","33.3","33.3","17.1","41.4","41.4","20","blue","green","orange","orange","incorrect","-20",
"171","kensa488702b21000d04c311","22/04/2020 16:28:32","2","82","262","82","3","10","face","white male","08M.png","0.33333","0.33333","0.33333","house","","house25.png","0.8","0.1","0.1","11982","66.0","0.6","33.3","33.3","1.0","65.6","49.6","0.8","49.5","20","orange","green","blue","green","2nd correct","10",
"171","kensa488702b21000d04c311","22/04/2020 16:28:32","2","83","263","83","3","11","car","right","car30.png","0.1","0.1","0.8","face","white male","08M.png","0.33333","0.33333","0.33333","22668","33.3","66.6","0.0","66.0","0.6","33.3","49.6","33.6","16.6","20","orange","blue","green","blue","2nd correct","10",
"171","kensa488702b21000d04c311","22/04/2020 16:28:32","2","84","264","84","3","12","car","right","car30.png","0.1","0.1","0.8","house","","house25.png","0.8","0.1","0.1","29351","33.3","65.6","1.0","50.0","0.0","50.0","41.6","32.8","25.5","20","orange","blue","green","green","incorrect","-20",
"171","kensa488702b21000d04c311","22/04/2020 16:28:32","2","85","265","85","3","13","face","white male","08M.png","0.33333","0.33333","0.33333","tool","alcohol","tool16.png","0.1","0.8","0.1","8890","65.0","1.6","33.3","0.0","66.6","33.3","32.5","34.1","33.3","20","blue","green","orange","green","2nd correct","10",
"171","kensa488702b21000d04c311","22/04/2020 16:28:32","2","86","266","86","3","14","tool","alcohol","tool16.png","0.1","0.8","0.1","car","right","car30.png","0.1","0.1","0.8","6782","7.0","59.6","33.3","33.3","65.6","1.0","20.1","62.6","17.1","20","blue","orange","green","blue","1st correct","20",
"171","kensa488702b21000d04c311","22/04/2020 16:28:32","2","87","267","87","3","15","face","white male","08M.png","0.33333","0.33333","0.33333","tool","alcohol","tool16.png","0.1","0.8","0.1","41282","91.0","4.5","4.5","2.0","64.6","33.3","46.5","34.5","18.9","20","orange","blue","green","blue","2nd correct","10",
"171","kensa488702b21000d04c311","22/04/2020 16:28:32","2","88","268","88","3","16","house","","house25.png","0.8","0.1","0.1","tool","alcohol","tool16.png","0.1","0.8","0.1","6377","33.3","0.0","66.6","0.0","66.6","33.3","16.6","33.3","50.0","20","green","blue","orange","orange","incorrect","-20",
"171","kensa488702b21000d04c311","22/04/2020 16:28:32","2","89","269","89","3","17","car","right","car30.png","0.1","0.1","0.8","face","white male","08M.png","0.33333","0.33333","0.33333","8329","11.6","55.0","33.3","33.3","66.6","0.0","22.5","60.8","16.6","20","blue","orange","green","green","incorrect","-20",
"171","kensa488702b21000d04c311","22/04/2020 16:28:32","2","90","270","90","3","18","house","","house25.png","0.8","0.1","0.1","tool","alcohol","tool16.png","0.1","0.8","0.1","4324","57.6","9.0","33.3","33.3","14.6","52.0","45.5","11.8","42.6","20","orange","green","blue","orange","1st correct","20",
"171","kensa488702b21000d04c311","22/04/2020 16:28:32","2","91","271","91","3","19","tool","alcohol","tool16.png","0.1","0.8","0.1","house","","house25.png","0.8","0.1","0.1","1389","33.3","33.3","33.3","33.3","33.3","33.3","33.3","33.3","33.3","20","orange","green","blue","blue","incorrect","-20",
"171","kensa488702b21000d04c311","22/04/2020 16:28:32","2","92","272","92","3","20","tool","alcohol","tool16.png","0.1","0.8","0.1","face","white male","08M.png","0.33333","0.33333","0.33333","5693","33.3","11.6","55.0","0.0","50.0","50.0","16.6","30.8","52.5","20","green","blue","orange","green","1st correct","20",
"171","kensa488702b21000d04c311","22/04/2020 16:28:32","2","93","273","93","3","21","car","right","car30.png","0.1","0.1","0.8","tool","alcohol","tool16.png","0.1","0.8","0.1","5865","33.3","66.6","0.0","1.0","33.3","65.6","17.1","50.0","32.8","20","blue","green","orange","green","2nd correct","10",
"171","kensa488702b21000d04c311","22/04/2020 16:28:32","2","94","274","94","3","22","house","","house25.png","0.8","0.1","0.1","face","white male","08M.png","0.33333","0.33333","0.33333","6306","66.6","0.0","33.3","1.5","1.5","97.0","34.0","0.7","65.1","20","green","orange","blue","orange","2nd correct","10",
"171","kensa488702b21000d04c311","22/04/2020 16:28:32","2","95","275","95","3","23","house","","house25.png","0.8","0.1","0.1","face","white male","08M.png","0.33333","0.33333","0.33333","4374","33.3","0.0","66.6","50.0","33.3","16.6","41.6","16.6","41.6","20","green","orange","blue","blue","incorrect","-20",
"171","kensa488702b21000d04c311","22/04/2020 16:28:32","2","96","276","96","3","24","tool","alcohol","tool16.png","0.1","0.8","0.1","car","right","car30.png","0.1","0.1","0.8","9459","0.0","66.6","33.3","49.0","49.0","2.0","24.5","57.8","17.6","20","blue","orange","green","green","incorrect","-20",
"171","kensa488702b21000d04c311","22/04/2020 16:28:32","2","97","277","97","3","25","face","white male","08M.png","0.33333","0.33333","0.33333","house","","house25.png","0.8","0.1","0.1","53072","33.3","0.0","66.6","0.0","33.3","66.6","16.6","16.6","66.6","20","green","blue","orange","orange","incorrect","-20",
"171","kensa488702b21000d04c311","22/04/2020 16:28:32","2","98","278","98","3","26","tool","alcohol","tool16.png","0.1","0.8","0.1","house","","house25.png","0.8","0.1","0.1","3765","2.0","33.3","64.6","33.3","1.0","65.6","17.6","17.1","65.1","20","green","orange","blue","orange","2nd correct","10",
"171","kensa488702b21000d04c311","22/04/2020 16:28:32","2","99","279","99","3","27","tool","alcohol","tool16.png","0.1","0.8","0.1","face","white male","08M.png","0.33333","0.33333","0.33333","4323","4.0","62.6","33.3","1.0","1.0","98.0","2.5","31.8","65.6","20","green","blue","orange","blue","2nd correct","10",
"171","kensa488702b21000d04c311","22/04/2020 16:28:32","2","100","280","100","3","28","face","white male","08M.png","0.33333","0.33333","0.33333","tool","alcohol","tool16.png","0.1","0.8","0.1","5209","92.0","4.0","4.0","1.0","49.5","49.5","46.5","26.7","26.7","20","orange","green","blue","green","2nd correct","10",
"171","kensa488702b21000d04c311","22/04/2020 16:28:32","2","101","281","101","3","29","house","","house25.png","0.8","0.1","0.1","tool","alcohol","tool16.png","0.1","0.8","0.1","5379","1.0","1.0","98.0","0.0","66.6","33.3","0.5","33.8","65.6","20","green","blue","orange","blue","2nd correct","10",
"171","kensa488702b21000d04c311","22/04/2020 16:28:32","2","102","282","102","3","30","car","right","car30.png","0.1","0.1","0.8","face","white male","08M.png","0.33333","0.33333","0.33333","4741","55.6","11.0","33.3","12.5","12.5","75.0","34.0","11.7","54.1","20","green","orange","blue","orange","2nd correct","10",
"171","kensa488702b21000d04c311","22/04/2020 16:28:32","2","103","283","103","3","31","house","","house25.png","0.8","0.1","0.1","car","right","car30.png","0.1","0.1","0.8","4363","7.6","59.0","33.3","47.5","5.0","47.5","27.5","32.0","40.4","20","green","blue","orange","green","1st correct","20",
"171","kensa488702b21000d04c311","22/04/2020 16:28:32","2","104","284","104","3","32","car","right","car30.png","0.1","0.1","0.8","face","white male","08M.png","0.33333","0.33333","0.33333","3746","7.6","59.0","33.3","33.3","8.0","58.6","20.5","33.5","46.0","20","green","blue","orange","green","1st correct","20",
"171","kensa488702b21000d04c311","22/04/2020 16:28:32","2","105","285","105","3","33","face","white male","08M.png","0.33333","0.33333","0.33333","car","right","car30.png","0.1","0.1","0.8","3866","33.3","1.0","65.6","75.0","12.5","12.5","54.1","6.7","39.0","20","orange","green","blue","green","2nd correct","10",
"171","kensa488702b21000d04c311","22/04/2020 16:28:32","2","106","286","106","3","34","car","right","car30.png","0.1","0.1","0.8","face","white male","08M.png","0.33333","0.33333","0.33333","3566","61.6","33.3","5.0","0.6","33.3","66.0","31.1","33.3","35.5","20","green","blue","orange","orange","incorrect","-20",
"171","kensa488702b21000d04c311","22/04/2020 16:28:32","2","107","287","107","3","35","car","right","car30.png","0.1","0.1","0.8","house","","house25.png","0.8","0.1","0.1","3854","3.0","94.0","3.0","1.0","33.3","65.6","2.0","63.6","34.3","20","blue","green","orange","blue","1st correct","20",
"171","kensa488702b21000d04c311","22/04/2020 16:28:32","2","108","288","108","3","36","tool","alcohol","tool16.png","0.1","0.8","0.1","house","","house25.png","0.8","0.1","0.1","3444","10.0","45.0","45.0","50.0","50.0","0.0","30.0","47.5","22.5","20","blue","orange","green","orange","2nd correct","10",
"171","kensa488702b21000d04c311","22/04/2020 16:28:32","2","109","289","109","4","1","car","right","car11.png","0.33333","0.33333","0.33333","tool","right","tool28.png","0.1","0.1","0.8","2150","33.3","33.3","33.3","33.3","33.3","33.3","33.3","33.3","33.3","20","blue","orange","green","green","incorrect","-20",
"171","kensa488702b21000d04c311","22/04/2020 16:28:32","2","110","290","110","4","2","car","right","car11.png","0.33333","0.33333","0.33333","tool","right","tool28.png","0.1","0.1","0.8","5944","33.3","60.0","6.6","33.3","62.0","4.6","33.3","61.0","5.6","20","blue","orange","green","green","incorrect","-20",
"171","kensa488702b21000d04c311","22/04/2020 16:28:32","2","111","291","111","4","3","tool","right","tool28.png","0.1","0.1","0.8","house","","house29.png","0.1","0.8","0.1","4763","0.0","66.6","33.3","33.3","33.0","33.6","16.6","49.8","33.5","20","blue","green","orange","green","2nd correct","10",
"171","kensa488702b21000d04c311","22/04/2020 16:28:32","2","112","292","112","4","4","house","","house29.png","0.1","0.8","0.1","face","ethnic male","13M.png","0.8","0.1","0.1","2489","33.3","33.3","33.3","50.0","0.0","50.0","41.6","16.6","41.6","20","orange","green","blue","orange","1st correct","20",
"171","kensa488702b21000d04c311","22/04/2020 16:28:32","2","113","293","113","4","5","tool","right","tool28.png","0.1","0.1","0.8","car","right","car11.png","0.33333","0.33333","0.33333","15360","59.0","7.6","33.3","49.5","49.5","1.0","54.2","28.5","17.1","20","orange","blue","green","green","incorrect","-20",
"171","kensa488702b21000d04c311","22/04/2020 16:28:32","2","114","294","114","4","6","face","ethnic male","13M.png","0.8","0.1","0.1","tool","right","tool28.png","0.1","0.1","0.8","4819","63.6","3.0","33.3","33.3","33.3","33.3","48.5","18.1","33.3","20","orange","green","blue","orange","1st correct","20",
"171","kensa488702b21000d04c311","22/04/2020 16:28:32","2","115","295","115","4","7","house","","house29.png","0.1","0.8","0.1","car","right","car11.png","0.33333","0.33333","0.33333","4035","33.3","33.3","33.3","0.0","50.0","50.0","16.6","41.6","41.6","20","blue","green","orange","blue","1st correct","20",
"171","kensa488702b21000d04c311","22/04/2020 16:28:32","2","116","296","116","4","8","car","right","car11.png","0.33333","0.33333","0.33333","tool","right","tool28.png","0.1","0.1","0.8","2912","4.0","33.3","62.6","33.3","33.3","33.3","18.6","33.3","48.0","20","green","blue","orange","blue","2nd correct","10",
"171","kensa488702b21000d04c311","22/04/2020 16:28:32","2","117","297","117","4","9","car","right","car11.png","0.33333","0.33333","0.33333","tool","right","tool28.png","0.1","0.1","0.8","4308","48.5","48.5","3.0","33.3","33.3","33.3","40.9","40.9","18.1","20","orange","blue","green","blue","2nd correct","10",
"171","kensa488702b21000d04c311","22/04/2020 16:28:32","2","118","298","118","4","10","house","","house29.png","0.1","0.8","0.1","car","right","car11.png","0.33333","0.33333","0.33333","15191","33.3","33.3","33.3","1.5","1.5","97.0","17.4","17.4","65.1","20","green","blue","orange","blue","2nd correct","10",
"171","kensa488702b21000d04c311","22/04/2020 16:28:32","2","119","299","119","4","11","house","","house29.png","0.1","0.8","0.1","tool","right","tool28.png","0.1","0.1","0.8","9890","33.3","33.3","33.3","33.3","33.3","33.3","33.3","33.3","33.3","20","green","blue","orange","blue","2nd correct","10",
"171","kensa488702b21000d04c311","22/04/2020 16:28:32","2","120","300","120","4","12","car","right","car11.png","0.33333","0.33333","0.33333","face","ethnic male","13M.png","0.8","0.1","0.1","16840","0.0","0.0","100.0","33.3","33.3","33.3","16.6","16.6","66.6","20","green","blue","orange","orange","incorrect","-20",
"171","kensa488702b21000d04c311","22/04/2020 16:28:32","2","121","301","121","4","13","tool","right","tool28.png","0.1","0.1","0.8","face","ethnic male","13M.png","0.8","0.1","0.1","1437","33.3","33.3","33.3","33.3","33.3","33.3","33.3","33.3","33.3","20","green","blue","orange","orange","incorrect","-20",
"171","kensa488702b21000d04c311","22/04/2020 16:28:32","2","122","302","122","4","14","car","right","car11.png","0.33333","0.33333","0.33333","house","","house29.png","0.1","0.8","0.1","3261","1.0","65.6","33.3","33.3","33.3","33.3","17.1","49.5","33.3","20","blue","green","orange","blue","1st correct","20",
"171","kensa488702b21000d04c311","22/04/2020 16:28:32","2","123","303","123","4","15","house","","house29.png","0.1","0.8","0.1","tool","right","tool28.png","0.1","0.1","0.8","1740","33.3","33.3","33.3","33.3","33.3","33.3","33.3","33.3","33.3","20","blue","green","orange","green","2nd correct","10",
"171","kensa488702b21000d04c311","22/04/2020 16:28:32","2","124","304","124","4","16","face","ethnic male","13M.png","0.8","0.1","0.1","tool","right","tool28.png","0.1","0.1","0.8","941","33.3","33.3","33.3","33.3","33.3","33.3","33.3","33.3","33.3","20","blue","green","orange","orange","incorrect","-20",
"171","kensa488702b21000d04c311","22/04/2020 16:28:32","2","125","305","125","4","17","tool","right","tool28.png","0.1","0.1","0.8","car","right","car11.png","0.33333","0.33333","0.33333","707","33.3","33.3","33.3","33.3","33.3","33.3","33.3","33.3","33.3","20","blue","green","orange","green","2nd correct","10",
"171","kensa488702b21000d04c311","22/04/2020 16:28:32","2","126","306","126","4","18","car","right","car11.png","0.33333","0.33333","0.33333","house","","house29.png","0.1","0.8","0.1","687","33.3","33.3","33.3","33.3","33.3","33.3","33.3","33.3","33.3","20","blue","green","orange","green","2nd correct","10",
"171","kensa488702b21000d04c311","22/04/2020 16:28:32","2","127","307","127","4","19","house","","house29.png","0.1","0.8","0.1","face","ethnic male","13M.png","0.8","0.1","0.1","759","33.3","33.3","33.3","33.3","33.3","33.3","33.3","33.3","33.3","20","blue","green","orange","orange","incorrect","-20",
"171","kensa488702b21000d04c311","22/04/2020 16:28:32","2","128","308","128","4","20","house","","house29.png","0.1","0.8","0.1","tool","right","tool28.png","0.1","0.1","0.8","1075","33.3","33.3","33.3","33.3","33.3","33.3","33.3","33.3","33.3","20","blue","green","orange","blue","1st correct","20",
"171","kensa488702b21000d04c311","22/04/2020 16:28:32","2","129","309","129","4","21","tool","right","tool28.png","0.1","0.1","0.8","face","ethnic male","13M.png","0.8","0.1","0.1","1780","33.3","33.3","33.3","44.5","44.5","11.0","38.9","38.9","22.1","20","orange","blue","green","orange","1st correct","20",
"171","kensa488702b21000d04c311","22/04/2020 16:28:32","2","130","310","130","4","22","house","","house29.png","0.1","0.8","0.1","tool","right","tool28.png","0.1","0.1","0.8","1320","33.3","33.3","33.3","33.3","33.3","33.3","33.3","33.3","33.3","20","orange","blue","green","blue","2nd correct","10",
"171","kensa488702b21000d04c311","22/04/2020 16:28:32","2","131","311","131","4","23","tool","right","tool28.png","0.1","0.1","0.8","face","ethnic male","13M.png","0.8","0.1","0.1","984","33.3","33.3","33.3","33.3","33.3","33.3","33.3","33.3","33.3","20","orange","blue","green","orange","1st correct","20",
"171","kensa488702b21000d04c311","22/04/2020 16:28:32","2","132","312","132","4","24","house","","house29.png","0.1","0.8","0.1","car","right","car11.png","0.33333","0.33333","0.33333","425","33.3","33.3","33.3","33.3","33.3","33.3","33.3","33.3","33.3","20","orange","blue","green","green","incorrect","-20",
"171","kensa488702b21000d04c311","22/04/2020 16:28:32","2","133","313","133","4","25","face","ethnic male","13M.png","0.8","0.1","0.1","house","","house29.png","0.1","0.8","0.1","8357","50.0","0.0","50.0","33.3","33.3","33.3","41.6","16.6","41.6","20","orange","green","blue","orange","1st correct","20",
"171","kensa488702b21000d04c311","22/04/2020 16:28:32","2","134","314","134","4","26","house","","house29.png","0.1","0.8","0.1","face","ethnic male","13M.png","0.8","0.1","0.1","3722","33.3","33.3","33.3","65.6","1.0","33.3","49.5","17.1","33.3","20","orange","green","blue","green","2nd correct","10",
"171","kensa488702b21000d04c311","22/04/2020 16:28:32","2","135","315","135","4","27","face","ethnic male","13M.png","0.8","0.1","0.1","car","right","car11.png","0.33333","0.33333","0.33333","3749","65.6","1.0","33.3","33.3","33.3","33.3","49.5","17.1","33.3","20","orange","green","blue","green","2nd correct","10",
"171","kensa488702b21000d04c311","22/04/2020 16:28:32","2","136","316","136","4","28","face","ethnic male","13M.png","0.8","0.1","0.1","car","right","car11.png","0.33333","0.33333","0.33333","2313","66.6","0.0","33.3","33.3","33.3","33.3","50.0","16.6","33.3","20","orange","green","blue","green","2nd correct","10",
"171","kensa488702b21000d04c311","22/04/2020 16:28:32","2","137","317","137","4","29","house","","house29.png","0.1","0.8","0.1","face","ethnic male","13M.png","0.8","0.1","0.1","3159","33.3","33.3","33.3","66.6","0.0","33.3","50.0","16.6","33.3","20","orange","green","blue","green","2nd correct","10",
"171","kensa488702b21000d04c311","22/04/2020 16:28:32","2","138","318","138","4","30","tool","right","tool28.png","0.1","0.1","0.8","face","ethnic male","13M.png","0.8","0.1","0.1","2567","33.3","33.3","33.3","33.3","0.0","66.6","33.3","16.6","50.0","20","green","orange","blue","blue","incorrect","-20",
"171","kensa488702b21000d04c311","22/04/2020 16:28:32","2","139","319","139","4","31","car","right","car11.png","0.33333","0.33333","0.33333","face","ethnic male","13M.png","0.8","0.1","0.1","2840","33.3","33.3","33.3","33.3","0.0","66.6","33.3","16.6","50.0","20","green","orange","blue","green","1st correct","20",
"171","kensa488702b21000d04c311","22/04/2020 16:28:32","2","140","320","140","4","32","car","right","car11.png","0.33333","0.33333","0.33333","house","","house29.png","0.1","0.8","0.1","3666","33.3","63.0","3.6","33.3","33.3","33.3","33.3","48.1","18.5","20","blue","orange","green","orange","2nd correct","10",
"171","kensa488702b21000d04c311","22/04/2020 16:28:32","2","141","321","141","4","33","house","","house29.png","0.1","0.8","0.1","face","ethnic male","13M.png","0.8","0.1","0.1","2512","33.3","33.3","33.3","33.3","2.0","64.6","33.3","17.6","49.0","20","green","orange","blue","orange","2nd correct","10",
"171","kensa488702b21000d04c311","22/04/2020 16:28:32","2","142","322","142","4","34","face","ethnic male","13M.png","0.8","0.1","0.1","car","right","car11.png","0.33333","0.33333","0.33333","2447","33.3","33.3","33.3","33.3","2.0","64.6","33.3","17.6","49.0","20","green","orange","blue","green","1st correct","20",
"171","kensa488702b21000d04c311","22/04/2020 16:28:32","2","143","323","143","4","35","car","right","car11.png","0.33333","0.33333","0.33333","face","ethnic male","13M.png","0.8","0.1","0.1","1870","33.3","33.3","33.3","50.0","0.0","50.0","41.6","16.6","41.6","20","orange","green","blue","blue","incorrect","-20",
"171","kensa488702b21000d04c311","22/04/2020 16:28:32","2","144","324","144","4","36","tool","right","tool28.png","0.1","0.1","0.8","house","","house29.png","0.1","0.8","0.1","2183","33.3","33.3","33.3","33.3","2.0","64.6","33.3","17.6","49.0","20","green","orange","blue","blue","incorrect","-20",
"171","kensa488702b21000d04c311","22/04/2020 16:28:32","2","145","325","145","5","1","car","left","car28.png","0.1","0.8","0.1","tool","left","tool7.png","0.33333","0.33333","0.33333","4959","32.0","33.3","34.6","33.3","33.3","33.3","32.6","33.3","34.0","20","green","blue","orange","blue","2nd correct","10",
"171","kensa488702b21000d04c311","22/04/2020 16:28:32","2","146","326","146","5","2","face","white female","08F.png","0.1","0.1","0.8","car","left","car28.png","0.1","0.8","0.1","1198","33.3","33.3","33.3","33.3","33.3","33.3","33.3","33.3","33.3","20","green","blue","orange","blue","2nd correct","10",
"171","kensa488702b21000d04c311","22/04/2020 16:28:32","2","147","327","147","5","3","house","","house8.png","0.8","0.1","0.1","tool","left","tool7.png","0.33333","0.33333","0.33333","769","33.3","33.3","33.3","33.3","33.3","33.3","33.3","33.3","33.3","20","green","blue","orange","orange","incorrect","-20",
"171","kensa488702b21000d04c311","22/04/2020 16:28:32","2","148","328","148","5","4","face","white female","08F.png","0.1","0.1","0.8","car","left","car28.png","0.1","0.8","0.1","890","33.3","33.3","33.3","33.3","33.3","33.3","33.3","33.3","33.3","20","green","blue","orange","blue","2nd correct","10",
"171","kensa488702b21000d04c311","22/04/2020 16:28:32","2","149","329","149","5","5","tool","left","tool7.png","0.33333","0.33333","0.33333","house","","house8.png","0.8","0.1","0.1","3794","33.3","33.3","33.3","33.3","33.3","33.3","33.3","33.3","33.3","20","green","blue","orange","green","1st correct","20",
"171","kensa488702b21000d04c311","22/04/2020 16:28:32","2","150","330","150","5","6","car","left","car28.png","0.1","0.8","0.1","face","white female","08F.png","0.1","0.1","0.8","4542","33.3","33.3","33.3","33.3","33.3","33.3","33.3","33.3","33.3","20","green","blue","orange","green","1st correct","20",
"171","kensa488702b21000d04c311","22/04/2020 16:28:32","2","151","331","151","5","7","face","white female","08F.png","0.1","0.1","0.8","house","","house8.png","0.8","0.1","0.1","3215","2.6","33.3","64.0","33.3","33.3","33.3","18.0","33.3","48.6","20","green","blue","orange","orange","incorrect","-20",
"171","kensa488702b21000d04c311","22/04/2020 16:28:32","2","152","332","152","5","8","tool","left","tool7.png","0.33333","0.33333","0.33333","house","","house8.png","0.8","0.1","0.1","2761","33.3","33.3","33.3","2.0","49.0","49.0","17.6","41.1","41.1","20","blue","green","orange","green","2nd correct","10",
"171","kensa488702b21000d04c311","22/04/2020 16:28:32","2","153","333","153","5","9","car","left","car28.png","0.1","0.8","0.1","house","","house8.png","0.8","0.1","0.1","3069","33.3","33.3","33.3","88.0","6.0","6.0","60.6","19.6","19.6","20","orange","green","blue","green","2nd correct","10",
"171","kensa488702b21000d04c311","22/04/2020 16:28:32","2","154","334","154","5","10","car","left","car28.png","0.1","0.8","0.1","face","white female","08F.png","0.1","0.1","0.8","2394","33.3","33.3","33.3","61.0","33.3","5.6","47.1","33.3","19.5","20","orange","blue","green","green","incorrect","-20",
"171","kensa488702b21000d04c311","22/04/2020 16:28:32","2","155","335","155","5","11","car","left","car28.png","0.1","0.8","0.1","tool","left","tool7.png","0.33333","0.33333","0.33333","1881","51.0","15.6","33.3","33.3","33.3","33.3","42.1","24.5","33.3","20","orange","green","blue","green","2nd correct","10",
"171","kensa488702b21000d04c311","22/04/2020 16:28:32","2","156","336","156","5","12","house","","house8.png","0.8","0.1","0.1","car","left","car28.png","0.1","0.8","0.1","2548","59.0","7.6","33.3","33.3","33.3","33.3","46.1","20.5","33.3","20","orange","green","blue","orange","1st correct","20",
"171","kensa488702b21000d04c311","22/04/2020 16:28:32","2","157","337","157","5","13","house","","house8.png","0.8","0.1","0.1","car","left","car28.png","0.1","0.8","0.1","3772","61.0","19.5","19.5","33.3","33.3","33.3","47.1","26.4","26.4","20","orange","green","blue","blue","incorrect","-20",
"171","kensa488702b21000d04c311","22/04/2020 16:28:32","2","158","338","158","5","14","tool","left","tool7.png","0.33333","0.33333","0.33333","face","white female","08F.png","0.1","0.1","0.8","3608","33.3","33.3","33.3","65.0","1.6","33.3","49.1","17.5","33.3","20","orange","green","blue","green","2nd correct","10",
"171","kensa488702b21000d04c311","22/04/2020 16:28:32","2","159","339","159","5","15","house","","house8.png","0.8","0.1","0.1","car","left","car28.png","0.1","0.8","0.1","2128","33.3","33.3","33.3","4.0","48.0","48.0","18.6","40.6","40.6","20","blue","green","orange","blue","1st correct","20",
"171","kensa488702b21000d04c311","22/04/2020 16:28:32","2","160","340","160","5","16","car","left","car28.png","0.1","0.8","0.1","face","white female","08F.png","0.1","0.1","0.8","1856","33.3","33.3","33.3","65.0","1.6","33.3","49.1","17.5","33.3","20","orange","green","blue","green","2nd correct","10",
"171","kensa488702b21000d04c311","22/04/2020 16:28:32","2","161","341","161","5","17","tool","left","tool7.png","0.33333","0.33333","0.33333","house","","house8.png","0.8","0.1","0.1","2218","33.3","33.3","33.3","13.0","43.5","43.5","23.1","38.4","38.4","20","blue","green","orange","green","2nd correct","10",
"171","kensa488702b21000d04c311","22/04/2020 16:28:32","2","162","342","162","5","18","car","left","car28.png","0.1","0.8","0.1","house","","house8.png","0.8","0.1","0.1","2591","33.3","33.3","33.3","19.0","40.5","40.5","26.1","36.9","36.9","20","blue","green","orange","orange","incorrect","-20",
"171","kensa488702b21000d04c311","22/04/2020 16:28:32","2","163","343","163","5","19","house","","house8.png","0.8","0.1","0.1","tool","left","tool7.png","0.33333","0.33333","0.33333","1293","33.3","33.3","33.3","33.3","33.3","33.3","33.3","33.3","33.3","20","blue","green","orange","blue","1st correct","20",
"171","kensa488702b21000d04c311","22/04/2020 16:28:32","2","164","344","164","5","20","house","","house8.png","0.8","0.1","0.1","face","white female","08F.png","0.1","0.1","0.8","3006","33.3","33.3","33.3","48.0","18.6","33.3","40.6","26.0","33.3","20","orange","green","blue","orange","1st correct","20",
"171","kensa488702b21000d04c311","22/04/2020 16:28:32","2","165","345","165","5","21","tool","left","tool7.png","0.33333","0.33333","0.33333","face","white female","08F.png","0.1","0.1","0.8","2093","33.3","33.3","33.3","66.0","0.6","33.3","49.6","17.0","33.3","20","orange","green","blue","green","2nd correct","10",
"171","kensa488702b21000d04c311","22/04/2020 16:28:32","2","166","346","166","5","22","tool","left","tool7.png","0.33333","0.33333","0.33333","car","left","car28.png","0.1","0.8","0.1","2541","33.3","33.3","33.3","61.6","5.0","33.3","47.5","19.1","33.3","20","orange","green","blue","blue","incorrect","-20",
"171","kensa488702b21000d04c311","22/04/2020 16:28:32","2","167","347","167","5","23","house","","house8.png","0.8","0.1","0.1","face","white female","08F.png","0.1","0.1","0.8","2587","33.3","33.3","33.3","83.0","8.5","8.5","58.1","20.9","20.9","20","orange","green","blue","blue","incorrect","-20",
"171","kensa488702b21000d04c311","22/04/2020 16:28:32","2","168","348","168","5","24","face","white female","08F.png","0.1","0.1","0.8","car","left","car28.png","0.1","0.8","0.1","2820","11.0","44.5","44.5","33.3","33.3","33.3","22.1","38.9","38.9","20","blue","green","orange","blue","1st correct","20",
"171","kensa488702b21000d04c311","22/04/2020 16:28:32","2","169","349","169","5","25","house","","house8.png","0.8","0.1","0.1","face","white female","08F.png","0.1","0.1","0.8","2936","33.3","33.3","33.3","69.0","15.5","15.5","51.1","24.4","24.4","20","orange","green","blue","orange","1st correct","20",
"171","kensa488702b21000d04c311","22/04/2020 16:28:32","2","170","350","170","5","26","car","left","car28.png","0.1","0.8","0.1","tool","left","tool7.png","0.33333","0.33333","0.33333","2183","33.3","33.3","33.3","61.0","19.5","19.5","47.1","26.4","26.4","20","orange","green","blue","orange","1st correct","20",
"171","kensa488702b21000d04c311","22/04/2020 16:28:32","2","171","351","171","5","27","house","","house8.png","0.8","0.1","0.1","car","left","car28.png","0.1","0.8","0.1","2035","33.3","33.3","33.3","46.5","46.5","7.0","39.9","39.9","20.1","20","orange","blue","green","orange","1st correct","20",
"171","kensa488702b21000d04c311","22/04/2020 16:28:32","2","172","352","172","5","28","house","","house8.png","0.8","0.1","0.1","face","white female","08F.png","0.1","0.1","0.8","1698","33.3","33.3","33.3","15.0","15.0","70.0","24.1","24.1","51.6","20","green","blue","orange","green","1st correct","20",
"171","kensa488702b21000d04c311","22/04/2020 16:28:32","2","173","353","173","5","29","car","left","car28.png","0.1","0.8","0.1","tool","left","tool7.png","0.33333","0.33333","0.33333","1371","33.3","33.3","33.3","33.3","33.3","33.3","33.3","33.3","33.3","20","green","blue","orange","green","1st correct","20",
"171","kensa488702b21000d04c311","22/04/2020 16:28:32","2","174","354","174","5","30","face","white female","08F.png","0.1","0.1","0.8","house","","house8.png","0.8","0.1","0.1","2485","33.3","33.3","33.3","46.5","46.5","7.0","39.9","39.9","20.1","20","orange","blue","green","orange","1st correct","20",
"171","kensa488702b21000d04c311","22/04/2020 16:28:32","2","175","355","175","5","31","tool","left","tool7.png","0.33333","0.33333","0.33333","face","white female","08F.png","0.1","0.1","0.8","2236","33.3","33.3","33.3","65.0","1.6","33.3","49.1","17.5","33.3","20","orange","green","blue","green","2nd correct","10",
"171","kensa488702b21000d04c311","22/04/2020 16:28:32","2","176","356","176","5","32","face","white female","08F.png","0.1","0.1","0.8","tool","left","tool7.png","0.33333","0.33333","0.33333","1178","33.3","33.3","33.3","33.3","33.3","33.3","33.3","33.3","33.3","20","orange","green","blue","orange","1st correct","20",
"171","kensa488702b21000d04c311","22/04/2020 16:28:32","2","177","357","177","5","33","car","left","car28.png","0.1","0.8","0.1","tool","left","tool7.png","0.33333","0.33333","0.33333","357","33.3","33.3","33.3","33.3","33.3","33.3","33.3","33.3","33.3","20","orange","green","blue","green","2nd correct","10",
"171","kensa488702b21000d04c311","22/04/2020 16:28:32","2","178","358","178","5","34","face","white female","08F.png","0.1","0.1","0.8","tool","left","tool7.png","0.33333","0.33333","0.33333","306","33.3","33.3","33.3","33.3","33.3","33.3","33.3","33.3","33.3","20","orange","green","blue","green","2nd correct","10",
"171","kensa488702b21000d04c311","22/04/2020 16:28:32","2","179","359","179","5","35","face","white female","08F.png","0.1","0.1","0.8","tool","left","tool7.png","0.33333","0.33333","0.33333","417","33.3","33.3","33.3","33.3","33.3","33.3","33.3","33.3","33.3","20","orange","green","blue","blue","incorrect","-20",
"171","kensa488702b21000d04c311","22/04/2020 16:28:32","2","180","360","180","5","36","tool","left","tool7.png","0.33333","0.33333","0.33333","house","","house8.png","0.8","0.1","0.1","649","33.3","33.3","33.3","33.3","33.3","33.3","33.3","33.3","33.3","20","orange","green","blue","orange","1st correct","20",
